[
    {
        "key": "Provision of Education",
        "values": [
            {
                "label": "Biggest Success",
                "value": 26.8
            },
            {
                "label": "Second Biggest Success",
                "value": 13.7
            }
        ]
    },
    {
        "key": "Peace & Security",
        "values": [
            {
                "label": "Biggest Success",
                "value": 15.2
            },
            {
                "label": "Second Biggest Success",
                "value": 6.6
            }
        ]
    },
    {
        "key": "Paved Roads",
        "values": [
            {
                "label": "Biggest Success",
                "value": 11.5
            },
            {
                "label": "Second Biggest Success",
                "value": 15.6
            }
        ]
    },
    {
        "key": "Rule of Law",
        "values": [
            {
                "label": "Biggest Success",
                "value": 7.9
            },
            {
                "label": "Second Biggest Success",
                "value": 3.5
            }
        ]
    },
    {
        "key": "Powerful Government",
        "values": [
            {
                "label": "Biggest Success",
                "value": 6.7
            },
            {
                "label": "Second Biggest Success",
                "value": 1.6
            }
        ]
    },
    {
        "key": "Potable Water",
        "values": [
            {
                "label": "Biggest Success",
                "value": 5.6
            },
            {
                "label": "Second Biggest Success",
                "value": 5.2
            }
        ]
    },
    {
        "key": "Economic Improvement",
        "values": [
            {
                "label": "Biggest Success",
                "value": 5.6
            },
            {
                "label": "Second Biggest Success",
                "value": 8.1
            }
        ]
    },
    {
        "key": "National Unity Government",
        "values": [
            {
                "label": "Biggest Success",
                "value": 4.9
            },
            {
                "label": "Second Biggest Success",
                "value": 9.8
            }
        ]
    },
    {
        "key": "Health Care Services",
        "values": [
            {
                "label": "Biggest Success",
                "value": 4.7
            },
            {
                "label": "Second Biggest Success",
                "value": 9.8
            }
        ]
    },
    {
        "key": "Electricity",
        "values": [
            {
                "label": "Biggest Success",
                "value": 3.5
            },
            {
                "label": "Second Biggest Success",
                "value": 7.0
            }
        ]
    },
    {       
        "key": "Democracy",
        "values": [
            {
                "label": "Biggest Success",
                "value": 2.8
            },
            {
                "label": "Second Biggest Success",
                "value": 4.7
            }
        ]
    },
        {
        "key": "Low Crime Rate",
        "values": [
            {
                "label": "Biggest Success",
                "value": 1.6
            },
            {
                "label": "Second Biggest Success",
                "value": 4.5
            }
        ]
        },
        {
        "key": "Employment",
        "values": [
            {
                "label": "Biggest Success",
                "value": 1.5
            },
            {
                "label": "Second Biggest Success",
                "value": 5.5
            }
        ]
        },
        {
        "key": "Don't Know",
        "values": [
            {
                "label": "Biggest Success",
                "value": 1.8
            },
            {
                "label": "Second Biggest Success",
                "value": 3.0
            }
        ]
        }
]
