[
    {
        "key": "Strongly Agree",
        "color": "#005288", 
        "values": [
            {   "label": "National Average",
                "value": 18.1
            },
            {
                "label": "Central",
                "value": 19.7
            },
            {
                "label": "Central Highlands",
                "value": 18.2
            }, 
            {
                "label": "East",
                "value": 31.3
            },
            {
                "label": "North",
                "value": 11.8
            },
            {
                "label": "North East",
                "value": 15.8
            },
            {
                "label": "South",
                "value": 13.7
            },
            {
                "label": "South East",
                "value": 16.9
            },
            {
                "label": "West",
                "value": 18.5
            }    
        ]
    },
    {
        "key": "Somewhat Agree",
        "color": "#7AA9DD", 
        "values": [
            {   "label": "National Average",
                "value": 49.1
            },
            {
                "label": "Central",
                "value": 43.3
            },
            {
                "label": "Central Highlands",
                "value": 44.2
            },
            {
                "label": "East",
                "value": 50.3
            },
            {
                "label": "North",
                "value": 43.7
            },
            {
                "label": "North East",
                "value": 48.6
            },
            {
                "label": "South",
                "value": 55.8
            },
            {
                "label": "South East",
                "value": 60.4
            },
            {
                "label": "West",
                "value": 49.9
            }
        ]
    },
    {
        "key": "Somewhat Disagree",
        "color": "#BC8F8F", 
        "values": [
            {   "label": "National Average",
                "value": 15.6
            },
            {
                "label": "Central",
                "value": 15.0
            },
            {
                "label": "Central Highlands",
                "value": 22.8
            },
            {
                "label": "East",
                "value": 8.1
            },
            {
                "label": "North",
                "value": 19.6
            },
            {
                "label": "North East",
                "value": 11.2
            },
            {
                "label": "South",
                "value": 25.3
            },
            {
                "label": "South East",
                "value": 15.6
            },   
            {
                "label": "West",
                "value": 13.5
            }
        ]
    },
    {
        "key": "Strongly Disagree",
        "color": "#800000", 
        "values": [
            {   "label": "National Average",
                "value": 12.2
            },
            {
                "label": "Central",
                "value": 15.9
            },
            {
                "label": "Central Highlands",
                "value": 6.8
            },
            {
                "label": "East",
                "value": 8.8 
            },
            {
                "label": "North",
                "value": 13.0
            },
            {
                "label": "North East",
                "value": 16.8
            },
            {
                "label": "South",
                "value": 4.1
            },
            {
                "label": "South East",
                "value": 5.0
            },
            {
                "label": "West",
                "value": 16.3
            }
        ]
    }
]