[
    {
        "key": "IEC Corruption",
        "values": [
            {
                "label": "Biggest Problems",
                "value": 29
            }
        ]
    },
    {
        "key": "Lack of Ballots",
        "values": [
            {
                "label": "Biggest Problems",
                "value": 17
            }
        ]
    },
    {
        "key": "Voter Fraud",
        "values": [
            
            {
                "label": "Biggest Problems",
                "value": 15
            }
        ]
    },
    {
        "key": "Insecurity",
        "values": [
            
            {
                "label": "Biggest Problems",
                "value": 9
            }
        ]
    },
    {
        "key": "Foreign Interference",
        "values": [
            
            {
                "label": "Biggest Problems",
                "value": 7
            }
        ]
    },
    {
        "key": "Political Interference",
        "values": [
            
            {
                "label": "Biggest Problems",
                "value": 6
            }
        ]
    },
    {
        "key": "Distance to Polling Centers",
        "values": [
            
            {
                "label": "Biggest Problems",
                "value": 5
            }
        ]
    },
    {
        "key": "Don't Know",
        "values": [
            
            {
                "label": "Biggest Problems",
                "value": 3
            }
        ]
    },
    {
        "key": "No Problem",
        "values": [
            
            {
                "label": "Biggest Problems",
                "value": 9
            }
        ]
    }
       ]