[
    {
        "key": "Peace & Security",
        "values": [
            
            {
                "label": "Biggest Successes",
                "value": 13
            }
        ]
    },
    {
        "key": "National Unity Government",
        "values": [
            
            {
                "label": "Biggest Successes",
                "value": 13
            }
        ]
    },
    {
        "key": "High Turnout",
        "values": [
            
            {
                "label": "Biggest Successes",
                "value": 11
            }
        ]
    },
    {
        "key": "Qualified President",
        "values": [
            
            {
                "label": "Biggest Successes",
                "value": 8
            }
        ]
    },
    {
        "key": "Peaceful Transition",
        "values": [
            
            {
                "label": "Biggest Successes",
                "value": 5
            }
        ]
    },
    {
        "key": "Free & Fair Elections",
        "values": [
            
            {
                "label": "Biggest Successes",
                "value": 5
            }
        ]
    },
    {
        "key": "Transparent Elections",
        "values": [
            
            {
                "label": "Biggest Successes",
                "value": 2
            }
        ]
    },
    {
        "key": "Hope for Better Future",
        "values": [
            
            {
                "label": "Biggest Successes",
                "value": 2
            }
        ]
    },
    {
        "key": "Reconstruction & Development",
        "values": [
            
            {
                "label": "Biggest Successes",
                "value": 2
            }
        ]
    },
    {       
        "key": "Resolving Electoral Complaints",
        "values": [
            
            {
                "label": "Biggest Successes",
                "value": 1
            }
        ]
        },
        {
        "key": "National Solidarity",
        "values": [
            
            {
                "label": "Biggest Successes",
                "value": 1
            }
        ]
        },
        {
        "key": "Fight Against Corruption",
        "values": [
            
            {
                "label": "Biggest Successes",
                "value": 1
            }
        ]
        },
        {
        "key": "Don't Know",
        "values": [
            {
                "label": "Biggest Successes",
                "value": 22
            }
        ]
        },
          {
        "key": "No Success",
        "values": [
            {
                "label": "Biggest Successes",
                "value": 14
            }
        ]
        }
       ]