[
    {
        "key": "Yes",
        "color": "#005288", 
        "values": [
            { "label": "National Average", "value": 62.1 },
            { "label": "Central", "value": 59.7 }, 
            { "label": "Central Highlands", "value": 49.9 },
            { "label": "East", "value": 88.0 },
            { "label": "North", "value": 59.0 },
            { "label": "North East", "value": 61.6 },
            { "label": "South", "value": 69.7 },
            { "label": "South East", "value": 62.8 },
            { "label": "West", "value": 47.4 }
        ]
    },
    {
        "key": "No",
        "color": "#800000", 
        "values": [
            { "label": "National Average", "value": 29.7 },
            { "label": "Central", "value": 29.2 },
            { "label": "Central Highlands", "value": 29.5 },
            { "label": "East", "value": 6.8 },
            { "label": "North", "value": 27.1 },
            { "label": "North East", "value": 29.2 },
            { "label": "South", "value": 24.7 },
            { "label": "South East", "value": 34.6 },
            { "label": "West", "value": 50.5 }
        ]
    }
]
    