[
    {
        "key": "April 2014 Elections",
        "color": "#005288", 
        "values": [
            { "label": "Central", "value": 65.9 },
            { "label": "Central Highlands", "value": 63.1 },
            { "label": "East", "value": 93.7 },
            { "label": "North", "value": 71.5 },
            { "label": "North East", "value": 60.4 },
            { "label": "South", "value": 80.8 },
            { "label": "South East", "value": 68.5 },
            { "label": "West","value": 52.0 }            
        ]
    },
    {
        "key": "June 2014 Runoff",
        "color": "#7AA9DD", 
        "values": [           
            { "label": "Central", "value": 67.9 },  
            { "label": "Central Highlands", "value": 63.6 },
            { "label": "East", "value": 94.0 },
            { "label": "North", "value": 72.8 },
            { "label": "North East", "value": 62.4 },
            { "label": "South", "value": 82.5 },
            { "label": "South East", "value": 72.7 },
            { "label": "West", "value": 57.0 }
        ] 
    }
]
