[
    {
        "key": "Yes",
        "color": "#005288", 
        "values": [
            { "label": "National Average", "value": 82.3 },
            { "label": "Central", "value": 78.5 }, 
            { "label": "Central Highlands", "value": 93.9 },
            { "label": "East", "value": 87.1 },
            { "label": "North", "value": 82.9 },
            { "label": "North East", "value": 85.6 },
            { "label": "South", "value": 66.6 },
            { "label": "South East", "value": 91.0 },
            { "label": "West", "value": 85.0 }
        ]
    },
    {
        "key": "No",
        "color": "#800000", 
        "values": [
            { "label": "National Average", "value": 12.8 },
            { "label": "Central", "value": 17.5 },
            { "label": "Central Highlands", "value": 0.8 },
            { "label": "East", "value": 7.5 },
            { "label": "North", "value": 10.1 },
            { "label": "North East", "value": 4.1 },
            { "label": "South", "value": 30.5 },
            { "label": "South East", "value": 8.0 },
            { "label": "West", "value": 12.2 }
        ]
    }
]