 [  
    {
        "key": "Policy Positions",
        "color": "#005288", 
        "values": [
            { "label": "Central", "value": 53.6 },
            { "label": "Central Highlands", "value": 32.8 },
            { "label": "East", "value": 61.3 },
            { "label": "North", "value": 28.3 },
            { "label": "North East", "value": 48.6 },
            { "label": "South", "value": 57.2 },
            { "label": "South East", "value": 51.7 },
            { "label": "West","value": 36.7 }            
        ]
    },
    {
        "key": "Ethnicity",
        "color": "#800000", 
        "values": [
            { "label": "Central", "value": 18.0 },
            { "label": "Central Highlands", "value": 6.9 },
            { "label": "East", "value": 16.2 },
            { "label": "North", "value": 36.8 },
            { "label": "North East", "value": 20.4 },
            { "label": "South", "value": 23.4 },
            { "label": "South East", "value": 25.1 },
            { "label": "West","value": 33.0 }            
        ]
    },
    {
        "key": "Endorsements from Public Figure",
        "color": "#7AA9DD", 
        "values": [           
            { "label": "Central", "value": 15.0 },  
            { "label": "Central Highlands", "value": 45.7 },
            { "label": "East", "value": 13.3 },
            { "label": "North", "value": 20.3 },
            { "label": "North East", "value": 17.0 },
            { "label": "South", "value": 10.6 },
            { "label": "South East", "value": 15.0 },
            { "label": "West", "value": 21.3 }
        ] 
    },
    {
        "key": "Reputation",
        "color": "#bc8f8f", 
        "values": [           
            { "label": "Central", "value": 9.6 },  
            { "label": "Central Highlands", "value": 12.4 },
            { "label": "East", "value": 4.6 },
            { "label": "North", "value": 10.1 },
            { "label": "North East", "value": 9.3 },
            { "label": "South", "value": 6.5 },
            { "label": "South East", "value": 7.5 },
            { "label": "West", "value": 8.2 }
        ] 
    }
]

