[
    {
        "key": "Insecurity",
        "values": [
            {
                "label": "Biggest Challenges to Voter Participation",
                "value": 28.5
            }
        ]
    },
    {
        "key": "Illiteracy",
        "values": [
            {
                "label": "Biggest Challenges to Voter Participation",
                "value": 17.2
            }
        ]
    },
    {
        "key": "Lack of Confidence in Electoral Process",
        "values": [
            
            {
                "label": "Biggest Challenges to Voter Participation",
                "value": 16.7
            }
        ]
    },
    {
        "key": "Lack of Interest in Politics",
        "values": [
            
            {
                "label": "Biggest Challenges to Voter Participation",
                "value": 9.6
            }
        ]
    },
    {
        "key": "Lack of Information",
        "values": [
            
            {
                "label": "Biggest Challenges to Voter Participation",
                "value": 9.0
            }
        ]
    },
    {
        "key": "Lack of Confidence in Government",
        "values": [
            
            {
                "label": "Biggest Challenges to Voter Participation",
                "value": 3.7
            }
        ]
    },
    {
        "key": "Cultural Barriers",
        "values": [
            
            {
                "label": "Biggest Challenges to Voter Participation",
                "value": 3.3
            }
        ]
    },
    {
        "key": "Don't Know",
        "values": [
            
            {
                "label": "Biggest Challenges to Voter Participation",
                "value": 5.1
            }
        ]
    },
    {
        "key": "No Challenges",
        "values": [
            
            {
                "label": "Biggest Challenges to Voter Participation",
                "value": 6.5
            }
        ]
    }
]