[
    {
        "key": "Voted in April 2014 Elections",
        "color": "#005288", 
        "values": [
            {   "label": "National Average", "value": 78.7 },
            {   "label": "Central", "value": 72.6 },
            {   "label": "Central Highlands", "value": 95.2 },
            {   "label": "East", "value": 82.1 },
            {   "label": "North", "value": 89.3 },
            {   "label": "North East", "value": 74.8 },
            {   "label": "South", "value": 56.5 },
            {   "label": "South East", "value": 94.0 },
            {   "label": "West", "value": 83.4 }
        ]
    },
    {
        "key": "Did Not Vote in April 2014 Elections",
        "color": "#800000", 
        "values": [
            {   "label": "National Average", "value": 21.2 },
            {   "label": "Central", "value": 27.3 },
            {   "label": "Central Highlands", "value": 4.8 },
            {   "label": "East", "value": 17.9 },
            {   "label": "North", "value": 10.7 },
            {   "label": "North East", "value": 24.9 },
            {   "label": "South", "value": 43.5 },
            {   "label": "South East", "value": 6.0 },
            {   "label": "West", "value": 16.6 }
        ]
    },
    {
        "key": "Voted in June 2014 Runoff",
        "color": "#7aa9dd", 
        "values": [
            {   "label": "National Average", "value": 76.2 },
            {   "label": "Central", "value": 70.0 },
            {   "label": "Central Highlands", "value": 92.3 },
            {   "label": "East", "value": 81.4 },
            {   "label": "North", "value": 83.0 },
            {   "label": "North East", "value": 79.1 },
            {   "label": "South", "value": 54.5 },
            {   "label": "South East", "value": 87.2 },
            {   "label": "West", "value": 79.6 }
        ]
    },
    {
        "key": "Did Not Vote in June 2014 Runoff",
        "color": "#bc8f8f", 
        "values": [
            {   "label": "National Average", "value": 23.7 },
            {   "label": "Central", "value": 30.0 },
            {   "label": "Central Highlands", "value": 7.7 },
            {   "label": "East", "value": 18.6 },
            {   "label": "North", "value": 17.0 },
            {   "label": "North East", "value": 20.5 },
            {   "label": "South", "value": 45.5 },
            {   "label": "South East", "value": 12.8 },
            {   "label": "West", "value": 20.4 }
        ]
    }
]