[ 
        {
        "key": "Male",
        "color": "#005288", 
        "values": [
            { "label": "Insecurity", "value": 67.2 },
            { "label": "Prevention by Family Members", "value": 37.6 },
            { "label": "Lack of Awareness", "value": 30.4 },
            { "label": "Distance to Polling Centers", "value": 16.5 },
            { "label": "Not Socially Appropriate", "value": 8.2 }
            ] 
        },
        {
        "key": "Female",
        "color": "#800000", 
        "values": [
            { "label": "Insecurity", "value": 56.3 },
            { "label": "Prevention by Family Members", "value": 42.5 },
            { "label": "Lack of Awareness", "value": 30.8 },
            { "label": "Distance to Polling Centers", "value": 20.9 },
            { "label": "Not Socially Appropriate", "value": 7.4 }
        ]
    }
]