[ 
        {
        "key": "A Lot of Confidence",
        "color": "#005288", 
        "values": [
            { "label": "National Army", "value": 73.9 },
            { "label": "Neighbors", "value": 68.5 },
            { "label": "Religious Leaders", "value": 63.0 },
            { "label": "President", "value": 59.0 },
            { "label": "Police", "value": 50.2 },
            { "label": "Media", "value": 43.0 },
            { "label": "Village Leader", "value": 49.2 },
            { "label": "Community Dev Council", "value": 29.9 },
            { "label": "Provincial Council", "value": 25.9 },
            { "label": "Provincial Governor", "value": 39.5 },
            { "label": "Meshrano Jirga", "value": 23.5 },
            { "label": "Wolesi Jirga", "value": 21.2 },
            { "label": "Provincial IEC", "value": 18.8 },
            { "label": "Political Parties", "value": 16.9 },
            { "label": "IEC", "value": 19.5},
            { "label": "Local Commanders", "value": 20.9 },
            { "label": "Provincial IECC", "value": 13.9 },
            { "label": "IECC", "value": 14.9 },
            { "label": "Taliban", "value": 2.6 }
        ] 
        },
        {
        "key": "Some Confidence",
        "color": "#7AA9DD", 
        "values": [
            { "label": "National Army", "value": 22.1 },
            { "label": "Neighbors", "value": 26.9 },
            { "label": "Religious Leaders", "value": 32.1 },
            { "label": "President", "value": 34.6 },
            { "label": "Police", "value": 39.2 },
            { "label": "Media", "value": 45.5 },
            { "label": "Village Leader", "value": 38.5 },
            { "label": "Community Dev Council", "value": 53.8 },
            { "label": "Provincial Council", "value": 55.8 },
            { "label": "Provincial Governor", "value": 41.7 },
            { "label": "Meshrano Jirga", "value": 52.9 },
            { "label": "Wolesi Jirga", "value": 50.5 },
            { "label": "Provincial IEC", "value": 46.6 },
            { "label": "Political Parties", "value": 47.2 },
            { "label": "IEC", "value": 44.0 },
            { "label": "Local Commanders", "value": 40.4 },
            { "label": "Provincial IECC", "value": 46.4 },
            { "label": "IECC", "value": 44.0 },
            { "label": "Taliban", "value": 7.2 }
        ]
    }
]