[
    {
        "key": "Very Satisfied",
        "color": "#005288", 
        "values": [
            {   "label": "National Average",
                "value": 23.2
            },  
            {
                "label": "Central",
                "value": 21.1
            },
            {
                "label": "Central Highlands",
                "value": 49.5
            },
            {
                "label": "East",
                "value": 15.4
            },
            {
                "label": "North",
                "value": 19.6
            },
            {
                "label": "North East",
                "value": 31.0
            }, 
            {
                "label": "South",
                "value": 26.2
            },
            {
                "label": "South East",
                "value": 12.9
            },
            {
                "label": "West",
                "value": 27.4
            }
            
        ]
    },
    {
        "key": "Somewhat Satisfied",
        "color": "#7AA9DD", 
        "values": [
            {   "label": "National Average",
                "value": 42.2
            },
            {
                "label": "Central",
                "value": 39.5
            },            
            {
                "label": "Central Highlands",
                "value": 18.1
            },
            {
                "label": "East",
                "value": 53.1
            },
            {
                "label": "North",
                "value": 36.0
            },
            {
                "label": "North East",
                "value": 38.1
            },
             {
                "label": "South",
                "value": 45.7
            },
            {
                "label": "South East",
                "value": 47.9
            },
            {
                "label": "West",
                "value": 48.8
            }
        ]
    },
    {
        "key": "Somewhat Dissatisfied",
        "color": "#BC8F8F",
        "values": [
            {   "label": "National Average",
                "value": 14.2
            },
            {
                "label": "Central",
                "value": 16.7
            },
            {
                "label": "Central Highlands",
                "value": 4.7
            },
            {
                "label": "East",
                "value": 10.1
            },
            {
                "label": "North",
                "value": 12.3
            },
            {
                "label": "North East",
                "value": 14.1
            }, 
            {
                "label": "South",
                "value": 17.6
            },
            {
                "label": "South East",
                "value": 19.2
            },
            {
                "label": "West",
                "value": 10.0
            }
        ]
    },
    {
        "key": "Very Dissatisfied",
        "color": "#800000", 
        "values": [
            {   "label": "National Average",
                "value": 9.7
            },
            {
                "label": "Central",
                "value": 11.9
            },
            {
                "label": "Central Highlands",
                "value": 11.6
            },
            {
                "label": "East",
                "value": 13.7 
            },
            {
                "label": "North",
                "value": 9.1
            },
            {
                "label": "North East",
                "value": 4.4
            },
            {
                "label": "South",
                "value": 8.0
            },
            {
                "label": "South East",
                "value": 11.6
            },
            {
                "label": "West",
                "value": 8.8
            }
        ]
    },
     {
        "key": "No Democracy",
        "color": "#5a1010", 
        "values": [
            {   "label": "National Average",
                "value": 4.6
            },
            {
                "label": "Central",
                "value": 6.9
            },
            {
                "label": "Central Highlands",
                "value": 5.5
            },
            {
                "label": "East",
                "value": 1.8 
            },
            {
                "label": "North",
                "value": 6.9
            },
            {
                "label": "North East",
                "value": 3.1
            },
            {
                "label": "South",
                "value": 1.8
            },
             {
                "label": "South East",
                "value": 3.9
            },
            {
                "label": "West",
                "value": 4.2
            }
        ]
    }

]