 [
    {
        "key": "Very Satisfied",
        "color": "#005288", 
        "values": [
            {   "label": "National Average",
                "value": 28.4
            },
            {
                "label": "Central",
                "value": 26.4
            },
            {
                "label": "Central Highlands",
                "value": 38.3
            },
            {
                "label": "East",
                "value": 47.3
            },
            {
                "label": "North",
                "value": 26.1
            },
            {
                "label": "North East",
                "value": 27.3
            },
            {
                "label": "South",
                "value": 35.3
            },
            {
                "label": "South East",
                "value": 19.9
            },
            {
                "label": "West",
                "value": 20.8
            }
        ]
    },
    {
        "key": "Somewhat Satisfied",
        "color": "#7AA9DD", 
        "values": [
            {   "label": "National Average",
                "value": 40.7
            },
            {
                "label": "Central",
                "value": 37.1
            },
            {
                "label": "Central Highlands",
                "value": 35.4
            },
            {
                "label": "East",
                "value": 37.6
            },
            {
                "label": "North",
                "value": 43.1
            },
            {
                "label": "North East",
                "value": 37.8
            },
            {
                "label": "South",
                "value": 45.0
            },
            {
                "label": "South East",
                "value": 53.0
            }, 
            {
                "label": "West",
                "value": 37.6
            }
        ]
    },
    {
        "key": "Somewhat Dissatisfied",
        "color": "#BC8F8F", 
        "values": [
            {   "label": "National Average",
                "value": 15.6
            },   
            {
                "label": "Central",
                "value": 13.9
            },
            {
                "label": "Central Highlands",
                "value": 14.0
            },
            {
                "label": "East",
                "value": 5.9
            },
            {
                "label": "North",
                "value": 18.4
            },
            {
                "label": "North East",
                "value": 18.0
            },
            {
                "label": "South",
                "value": 13.5
            },
            {
                "label": "South East",
                "value": 19.4
            }, 
            {
                "label": "West",
                "value": 19.3
            }
        ]
    },
    {
        "key": "Very Dissatisfied",
        "color": "#800000", 
        "values": [
            {   "label": "National Average",
                "value": 14.5
            },
            {
                "label": "Central",
                "value": 21.7
            },
            {
                "label": "Central Highlands",
                "value": 11.6
            },
            {
                "label": "East",
                "value": 9.2 
            },
            {
                "label": "North",
                "value": 9.4
            },
            {
                "label": "North East",
                "value": 16.2
            },
            {
                "label": "South",
                "value": 6.1
            },
            {
                "label": "South East",
                "value": 7.4
            },
            {
                "label": "West",
                "value": 22.3
            }
        ]
    }
]