 [
    {
        "key": "Very Important",
        "color": "#005288", 
        "values": [
            {   "label": "National Average",
                "value": 27.7
            },
            {
                "label": "Central",
                "value": 24.5
            },
            {
                "label": "Central Highlands",
                "value": 24.5
            },
            {
                "label": "East",
                "value": 31.1
            },
            {
                "label": "North",
                "value": 35.2
            },
            {
                "label": "North East",
                "value": 18.5
            },
            {
                "label": "South",
                "value": 17.4
            },
            {
                "label": "South East",
                "value": 19.7
            },
            {
                "label": "West",
                "value": 45.7
            }
        ]
    },
    {
        "key": "Important",
        "color": "#7AA9DD", 
        "values": [
            {   "label": "National Average",
                "value": 33.9
            },
            {
                "label": "Central",
                "value": 30.6
            },
            {
                "label": "Central Highlands",
                "value": 23.7
            },
            {
                "label": "East",
                "value": 20.5
            },
            {
                "label": "North",
                "value": 38.2
            },
            {
                "label": "North East",
                "value": 38.7
            },
            {
                "label": "South",
                "value": 41.6
            },

            {
                "label": "South East",
                "value": 32.4
            },
            {
                "label": "West",
                "value": 37.2
            }         
        ]
    },
    {
        "key": "Not Very Important",
        "color": "#BC8F8F", 
        "values": [
            {   "label": "National Average",
                "value": 13.8
            },
            {
                "label": "Central",
                "value": 14.2
            },
            {
                "label": "Central Highlands",
                "value": 20.0
            },
            {
                "label": "East",
                "value": 13.6
            },
            {
                "label": "North",
                "value": 6.7
            },
            {
                "label": "North East",
                "value": 18.5
            }, 
            {
                "label": "South",
                "value": 22.7
            },
            {
                "label": "South East",
                "value": 11.1
            }, 
            {
                "label": "West",
                "value": 9.6
            }
          ]  
    },
    {
        "key": "Not Important at All",
        "color": "#800000", 
        "values": [
            {   "label": "National Average",
                "value": 20.3
            },
            {
                "label": "Central",
                "value": 24.8
            },
            {
                "label": "Central Highlands",
                "value": 8.4
            }, 
            {
                "label": "East",
                "value": 34.5 
            },
            {
                "label": "North",
                "value": 10.8
            },
            {
                "label": "North East",
                "value": 18.3
            },
            {
                "label": "South",
                "value": 18.1
            },
            {
                "label": "South East",
                "value": 35.9
            },
            {
                "label": "West",
                "value": 6.9
            }
        ]
    }
]