[
    {
        "key": "Wrong Direction",
        "color": "#800000", 
        "values": [
            [
                1351728000000,
                32.0
            ],
            [
                1385856000000,
                20.6
            ],
            [
            	1412800000000,
            	12.4
            ]
        ]
    },
    {
        "key": "Some Right / Some Wrong",
        "color": "#8B4789", 
        "values": [
            [
                1351728000000,
                15.7
            ],
            [
                1385856000000,
                33.8
            ],
            [
                1412800000000,
                33.5
            ]
        ]
    },
    {
        "key": "Right Direction",
        "color": "#005288", 
        "values": [
            [
                1351728000000,
                32.8
            ],
            [
                1385856000000,
                33.1
            ],
            [
            	1412800000000,
            	48.1
            ]
        ]
    },
    {
        "key": "Don't Know",
        "color": "gray", 
        "values": [
            [
                1351728000000,
                13.0
            ],
            [
                1385856000000,
                12.1
            ],
            [
            	1412800000000,
            	5.8
            ]
        ]
    }
]