[
    {
        "key": "National Unity Government",
        "values": [
            {
                "label": "Right Direction",
                "value": 13.3
            }
        ]
    },
    {
        "key": "International Assistance",
        "values": [
            {
                "label": "Right Direction",
                "value": 13.1
            }
        ]
    },
    {
        "key": "Good Security",
        "values": [
            
            {
                "label": "Right Direction",
                "value": 12.5
            }
        ]
    },
    {
        "key": "Legitimate Constitution",
        "values": [
            
            {
                "label": "Right Direction",
                "value": 11.0
            }
        ]
    },
    {
        "key": "Good Governance",
        "values": [
            
            {
                "label": "Right Direction",
                "value": 9.0
            }
        ]
    },
    {
        "key": "Girls' Education",
        "values": [
            
            {
                "label": "Right Direction",
                "value": 8.8
            }
        ]
    },
    {
        "key": "Good Reconstruction",
        "values": [
            
            {
                "label": "Right Direction",
                "value": 8.0
            }
        ]
    },
    {
        "key": "Better Economy",
        "values": [
            
            {
                "label": "Right Direction",
                "value": 6.9
            }
        ]
    },
    {
        "key": "Democracy & Elections",
        "values": [
            
            {
                "label": "Right Direction",
                "value": 6.5
            }
        ]
    },
    {
        "key": "Peace",
        "values": [
            
            {
                "label": "Right Direction",
                "value": 5.6
            }
        ]
    },
    {       
        "key": "Freedom of Movement",
        "values": [
            
            {
                "label": "Right Direction",
                "value": 3.2
            }
        ]
        },
        {
        "key": "Good President",
        "values": [
            
            {
                "label": "Right Direction",
                "value": 1.0
            }
        ]
        }
       ]