[
    {
        "key": "Official Corruption",
        "values": [
            {
                "label": "Biggest Problem",
                "value": 27.3
            },
            {
                "label": "Second Biggest Problem",
                "value": 8.8
            }
        ]
    },
    {
        "key": "Security Issues",
        "values": [
            {
                "label": "Biggest Problem",
                "value": 19.5
            },
            {
                "label": "Second Biggest Problem",
                "value": 10.2
            }
        ]
    },
    {
        "key": "Weak Government",
        "values": [
            {
                "label": "Biggest Problem",
                "value": 16.1
            },
            {
                "label": "Second Biggest Problem",
                "value": 2.7
            }
        ]
    },
    {
        "key": "Poor Economy",
        "values": [
            {
                "label": "Biggest Problem",
                "value": 11.7
            },
            {
                "label": "Second Biggest Problem",
                "value": 19.2
            }
        ]
    },
    {
        "key": "Unemployment",
        "values": [
            {
                "label": "Biggest Problem",
                "value": 9.4
            },
            {
                "label": "Second Biggest Problem",
                "value": 23.1
            }
        ]
    },
    {
        "key": "Lack of Education",
        "values": [
            {
                "label": "Biggest Problem",
                "value": 4.0
            },
            {
                "label": "Second Biggest Problem",
                "value": 4.4
            }
        ]
    },
    {
        "key": "Crime",
        "values": [
            {
                "label": "Biggest Problem",
                "value": 3.2
            },
            {
                "label": "Second Biggest Problem",
                "value": 8.4
            }
        ]
    },
    {
        "key": "Unpaved Roads",
        "values": [
            {
                "label": "Biggest Problem",
                "value": 2.6
            },
            {
                "label": "Second Biggest Problem",
                "value": 5.3
            }
        ]
    },
    {
        "key": "Lack of Electricity",
        "values": [
            {
                "label": "Biggest Problem",
                "value": 2.6
            },
            {
                "label": "Second Biggest Problem",
                "value": 5.8
            }
        ]
    },
    {
        "key": "Lack of Potable Water",
        "values": [
            {
                "label": "Biggest Problem",
                "value": 2.2
            },
            {
                "label": "Second Biggest Problem",
                "value": 3.8
            }
        ]
    },
    {       
        "key": "Lack of Health Care Services",
        "values": [
            {
                "label": "Biggest Problem",
                "value": 1.0
            },
            {
                "label": "Second Biggest Problem",
                "value": 3.6
            }
        ]
        },
        {
        "key": "Political Division",
        "values": [
            {
                "label": "Biggest Problem",
                "value": null
            },
            {
                "label": "Second Biggest Problem",
                "value": 2.6
            }
        ]
        },
        {
        "key": "Ethnic Division",
        "values": [
            {
                "label": "Biggest Problem",
                "value": null
            },
            {
                "label": "Second Biggest Problem",
                "value": 1.2
            }
        ]
        }
]


