[
    {
        "key": "Very Supportive",
        "color": "#005288", 
        "values": [
            {   "label": "Electronic ID Cards for Citizens",
                "value": 76.7
            },
            {
                "label": "Electoral Reform Commission",
                "value": 60.1
            },
            {
                "label": "Split Pres/CEO Appointments",
                "value": 54.4
            },
            {
                "label": "CEO Management of Cabinet",
                "value": 52.5
            },
            {
                "label": "Creation of Runner-Up Position",
                "value": 49.9
            },
            {
                "label": "Creation of Prime Minister Post",
                "value": 52.2
            }
        ]
    },

    {
        "key": "Somewhat Supportive",
        "color": "#7AA9DD", 
        "values": [
            {   "label": "Electronic ID Cards for Citizens",
                "value": 16.4
            },
            {
                "label": "Electoral Reform Commission",
                "value": 29.1
            },
            {
                "label": "Split Pres/CEO Appointments",
                "value": 31.1
            },
            {
                "label": "CEO Management of Cabinet",
                "value": 32.6
            },
            {
                "label": "Creation of Runner-Up Position",
                "value": 33.8
            },
            {
                "label": "Creation of Prime Minister Post",
                "value": 31.9
            }
        ]
    }
]