[
    {
        "key": "No",
        "color": "#800000", 
        "values": [
            {   "label": "2012 Natl Avg",
                "value": 24.0
            },
            {   "label": "2014 Natl Avg",
                "value": 35.3
            },
            {
                "label": "Central",
                "value": 42.8
            },
            {
                "label": "Central Highlands",
                "value": 63.6
            },
            {
                "label": "East",
                "value": 11.0
            },
            {
                "label": "North",
                "value": 44.6
            },
            {
                "label": "North East",
                "value": 30.5
            },
            {
                "label": "South",
                "value": 23.2
            },
            {
                "label": "South East",
                "value": 34.1
            },
            {
                "label": "West",
                "value": 39.0
            }
            
        ]
    },
    {
        "key": "Yes",
        "color": "#005288", 
        "values": [
            {   "label": "2012 Natl Avg",
                "value": 61.8
            },
            {   "label": "2014 Natl Avg",
                "value": 60.7
            },
            {
                "label": "Central",
                "value": 53.2
            },
            {
                "label": "Central Highlands",
                "value": 26.5
            },  
            {
                "label": "East",
                "value": 84.2
            },
            {
                "label": "North",
                "value": 44.3
            },
            {
                "label": "North East",
                "value": 66.9
            },
            
            {
                "label": "South",
                "value": 76.4
            },
            {
                "label": "South East",
                "value": 64.3
            },
            {
                "label": "West",
                "value": 60.6
            }
        ]
    }
]