[
    {
        "key": "Very Likely",
        "color": "#005288", 
        "values": [
            {   "label": "National Average",
                "value": 50.7
            },
            {
                "label": "Central",
                "value": 53.1
            },
            {
                "label": "Central Highlands",
                "value": 58.8
            },
            {
                "label": "East",
                "value": 54.7

            },
            {
                "label": "North",
                "value": 47.1
            },
            {
                "label": "North East",
                "value": 64.2
            },
            {
                "label": "South",
                "value": 34.6
            },
            {
                "label": "South East",
                "value": 43.2
            },
            {
                "label": "West",
                "value": 50.1
            }
            
        ]
    },
    {
        "key": "Likely",
        "color": "#7AA9DD", 
        "values": [
            {   "label": "National Average",
                "value": 31.9
            },
            {
                "label": "Central",
                "value": 31.4
            },
            {
                "label": "Central Highlands",
                "value": 27.9
            },
            {
                "label": "East",
                "value": 29.2
            },
            {
                "label": "North",
                "value": 22.9
            },
            {
                "label": "North East",
                "value": 25.9
            },
            {
                "label": "South",
                "value": 43.4
            },
            {
                "label": "South East",
                "value": 43.3
            },
             {
                "label": "West",
                "value": 33.2
            }
            
        ]
    },
    {
        "key": "Unlikely",
        "color": "#BC8F8F", 
        "values": [
            {   "label": "National Average",
                "value": 6.5
            },
            {
                "label": "Central",
                "value": 3.3
            },            
            {
                "label": "Central Highlands",
                "value": 0.8
            },
            {
                "label": "East",
                "value": 2.9
            },
            {
                "label": "North",
                "value": 11.7
            },
            {
                "label": "North East",
                "value": 4.2
            },
            {
                "label": "South",
                "value": 12.4
            },
            {
                "label": "South East",
                "value": 7.1
            },
            {
                "label": "West",
                "value": 7.6
            }
        ]
    },
    {
        "key": "Very Unlikely",
        "color": "#800000", 
        "values": [
            {   "label": "National Average",
                "value": 4.2
            },
            {
                "label": "Central",
                "value": 3.3
            },
            {
                "label": "Central Highlands",
                "value": 0.0
            },
            {
                "label": "East",
                "value": 6.3 
            },
            {
                "label": "North",
                "value": 4.0
            },
            {
                "label": "North East",
                "value": 1.6
            },
            {
                "label": "South",
                "value": 8.2
            },
            {
                "label": "South East",
                "value": 3.9
            },
            {
                "label": "West",
                "value": 5.1
            }
            
           ]
    }
]