[
    {
        "key": "Very Unlikely",
        "color": "#800000", 
        "values": [
            {   "label": "2012 Natl Avg",
                "value": 19.6
            },
            {   "label": "2014 Natl Avg",
                "value": 18.9
            },
            {
                "label": "Central",
                "value": 30.1
            },
            {
                "label": "Central Highlands",
                "value": 31.0
            },
            {
                "label": "East",
                "value": 18.5
            },
            {
                "label": "North",
                "value": 16.5
            },
            {
                "label": "North East",
                "value": 16.7
            },
            {
                "label": "South",
                "value": 7.7
            },
            {
                "label": "South East",
                "value": 9.0
            },
            {
                "label": "West",
                "value": 17.8
            }
        ]
    },
    {
        "key": "Unlikely",
        "color": "#BC8F8F", 
        "values": [
            {   "label": "2012 Natl Avg",
                "value": 19.8
            },
            {   "label": "2014 Natl Avg",
                "value": 15.7
            },
            {
                "label": "Central",
                "value": 11.1
            },
            {
                "label": "Central Highlands",
                "value": 12.3
            },
            {
                "label": "East",
                "value": 11.1
            },
            {
                "label": "North",
                "value": 21.2
            },
            {
                "label": "North East",
                "value": 12.9
            },
            {
                "label": "South",
                "value": 24.2
            },
            {
                "label": "South East",
                "value": 9.0
            },
            {
                "label": "West",
                "value": 14.1
            }
        ]
    },
    {
        "key": "Likely",
        "color": "#7AA9DD", 
        "values": [
            {   "label": "2012 Natl Avg",
                "value": 24.2
            },
            {   "label": "2014 Natl Avg",
                "value": 32.4
            },
            {
                "label": "Central",
                "value": 25.1
            }, 
            {
                "label": "Central Highlands",
                "value": 31.4
            },
            {
                "label": "East",
                "value": 26.5
            },
            {
                "label": "North",
                "value": 25.5
            },
            {
                "label": "North East",
                "value": 29.7
            },
            {
                "label": "South",
                "value": 45.7
            },
            {
                "label": "South East",
                "value": 52.6
            },
            {
                "label": "West",
                "value": 33.5
            }
        ]
    },
    {
        "key": "Very Likely",
        "color": "#005288", 
        "values": [
            {   "label": "2012 Natl Avg",
                "value": 12.3
            },
            {   "label": "2014 Natl Avg",
                "value": 28.8
            },
            {
                "label": "Central",
                "value": 29.8
            },
            {
                "label": "Central Highlands",
                "value": 24.0
            },
            {
                "label": "East",
                "value": 39.0
            },
            {
                "label": "North",
                "value": 23.7
            },
            {
                "label": "North East",
                "value": 36.4
            },
            {
                "label": "South",
                "value": 21.5
            },
            {
                "label": "South East",
                "value": 16.7
            },
            {
                "label": "West",
                "value": 33.8
            }
        ]
    }
]